{"UpperLeftPose": {"x": 0.19719015823466937, "y": 0.00042635717531116623, "z": 0.08817214806756588}, "UpperRightPose": {"x": 0.20856372668409065, "y": 0.00045099936502163, "z": 0.12324401898265952}, "LowerRightPose": {"x": 0.2093730057741378, "y": 0.000452752764489276, "z": 0.12688598134256823}, "LowerLeftPose": {"x": 0.20937300577413998, "y": 0.00045275276448935507, "z": 0.12688598134257054}}